{"sane": true, "normalizes": true, "range": true, "log_prob": -852.9540021867142, "avg_log_prob": -1.7059080043734285, "perplexity": 5.506383218012871}